full_index,original_index,PDBStructure_index
0,0,-
1,1,-
2,2,-
3,3,-
4,4,-
5,5,-
6,6,-
7,7,-
8,8,-
9,9,-
10,10,-
11,11,-
12,12,-
13,13,-
14,14,-
15,15,-
16,16,-
17,17,-
18,18,-
19,19,-
20,20,-
21,21,-
22,22,-
23,23,-
24,24,-
25,25,-
26,26,0
27,27,1
28,28,2
29,29,3
30,30,4
31,31,5
32,32,6
33,33,7
34,34,8
35,35,9
36,36,10
37,37,11
38,38,12
39,39,13
40,40,14
41,41,15
42,42,16
43,43,17
44,44,18
45,45,19
46,46,20
47,47,21
48,48,22
49,49,23
50,50,24
51,51,25
52,52,26
53,53,27
54,54,28
55,55,29
56,56,30
57,57,31
58,58,32
59,59,33
60,60,34
61,61,35
62,62,36
63,63,37
64,64,38
65,65,39
66,66,40
67,67,41
68,68,42
69,69,-
70,70,-
71,71,-
72,72,-
73,73,-
74,74,-
75,75,-
76,76,-
77,77,-
78,78,-
79,79,-
80,80,43
81,81,44
82,82,45
83,83,46
84,84,47
85,85,48
86,86,49
87,87,50
88,88,51
89,89,52
90,90,53
91,91,54
92,92,55
93,93,56
94,94,57
95,95,58
96,96,59
97,97,60
98,98,61
99,99,62
100,100,63
101,101,64
102,102,65
103,103,66
104,104,67
105,105,68
106,106,69
107,107,70
108,108,71
109,109,72
110,110,73
111,111,74
112,112,75
113,113,76
114,114,77
115,115,78
116,116,79
117,117,80
118,118,81
119,119,82
120,120,83
121,121,84
122,122,85
123,123,86
124,124,87
125,125,88
126,126,89
127,127,90
128,128,91
129,129,92
130,130,93
131,131,94
132,132,95
133,133,96
134,134,97
135,135,98
136,136,99
137,137,100
138,138,101
139,139,102
140,140,103
141,141,104
142,142,105
143,143,106
144,144,-
145,145,-
146,146,-
147,147,-
148,148,-
149,149,-
150,150,-
151,151,-
152,152,-
153,153,-
154,154,-
155,155,-
156,156,-
157,157,-
158,158,-
159,159,-
160,160,-
161,161,-
162,162,-
163,163,-
164,164,-
165,165,107
166,166,108
167,167,109
168,168,110
169,169,111
170,170,112
171,171,113
172,172,114
173,173,-
174,174,-
175,175,-
176,176,-
177,177,-
178,178,-
179,179,-
180,180,-
181,181,-
182,182,-
183,183,-
184,184,-
185,185,-
186,186,115
187,187,116
188,188,117
189,189,118
190,190,119
191,191,120
192,192,121
193,193,122
194,194,123
195,195,124
196,196,125
197,197,126
198,198,127
199,199,128
200,200,129
201,201,130
202,202,131
203,203,132
204,204,133
205,205,134
206,206,135
207,207,136
208,208,137
209,209,138
210,210,139
211,211,140
212,212,141
213,213,142
214,214,143
215,215,144
216,216,145
217,217,146
218,218,147
219,219,148
220,220,149
221,221,150
222,222,151
223,223,152
224,224,153
225,225,154
226,226,155
227,227,156
228,228,157
229,229,158
230,230,159
231,231,160
232,232,161
233,233,162
234,234,163
235,235,164
236,236,165
237,237,166
238,238,167
239,239,168
240,240,169
241,241,170
242,242,171
243,243,172
244,244,173
245,245,174
246,246,-
247,247,-
248,248,-
249,249,-
250,250,-
251,251,-
252,252,-
253,253,-
254,254,-
255,255,-
256,256,-
257,257,-
258,258,-
259,259,-
260,260,-
261,261,-
262,262,-
263,263,175
264,264,176
265,265,177
266,266,178
267,267,179
268,268,180
269,269,181
270,270,182
271,271,183
272,272,184
273,273,185
274,274,186
275,275,187
276,276,188
277,277,189
278,278,190
279,279,191
280,280,192
281,281,193
282,282,194
283,283,195
284,284,196
285,285,197
286,286,198
287,287,199
288,288,200
289,289,201
290,290,202
291,291,203
292,292,204
293,293,205
294,294,206
295,295,207
296,296,208
297,297,209
298,298,210
299,299,211
300,300,212
301,301,213
302,302,214
303,303,215
304,304,216
305,305,217
306,306,218
307,307,219
308,308,220
309,309,221
310,310,222
311,311,223
312,312,224
313,313,225
314,314,226
315,315,227
316,316,228
317,317,229
318,318,230
319,319,231
320,320,232
321,321,233
322,322,234
323,323,235
324,324,236
325,325,237
326,326,238
327,327,239
328,328,240
329,329,241
330,330,242
331,331,243
332,332,244
333,333,245
334,334,246
335,335,247
336,336,248
337,337,249
338,338,250
339,339,251
340,340,252
341,341,253
342,342,254
343,343,255
344,344,256
345,345,257
346,346,258
347,347,259
348,348,260
349,349,261
350,350,262
351,351,263
352,352,264
353,353,265
354,354,266
355,355,267
356,356,268
357,357,269
358,358,270
359,359,271
360,360,272
361,361,273
362,362,274
363,363,275
364,364,276
365,365,277
366,366,278
367,367,279
368,368,280
369,369,281
370,370,282
371,371,283
372,372,284
373,373,285
374,374,286
375,375,287
376,376,288
377,377,289
378,378,290
379,379,291
380,380,292
381,381,293
382,382,294
383,383,295
384,384,296
385,385,297
386,386,298
387,387,299
388,388,300
389,389,301
390,390,302
391,391,303
392,392,304
393,393,305
394,394,306
395,395,307
396,396,308
397,397,309
398,398,310
399,399,311
400,400,312
401,401,313
402,402,314
403,403,315
404,404,316
405,405,317
406,406,318
407,407,319
408,408,320
409,409,321
410,410,322
411,411,323
412,412,324
413,413,325
414,414,326
415,415,327
416,416,328
417,417,329
418,418,330
419,419,331
420,420,332
421,421,333
422,422,334
423,423,335
424,424,336
425,425,337
426,426,338
427,427,339
428,428,340
429,429,341
430,430,342
431,431,343
432,432,344
433,433,345
434,434,346
435,435,347
436,436,348
437,437,349
438,438,350
439,439,351
440,440,352
441,441,353
442,442,354
443,443,355
444,444,356
445,445,-
446,446,-
447,447,357
448,448,358
449,449,359
450,450,360
451,451,361
452,452,362
453,453,363
454,454,364
455,455,-
456,456,-
457,457,-
458,458,-
459,459,-
460,460,-
461,461,-
462,462,365
463,463,366
464,464,367
465,465,368
466,466,369
467,467,370
468,468,371
469,469,-
470,470,-
471,471,-
472,472,-
473,473,-
474,474,-
475,475,-
476,476,-
477,477,-
478,478,-
479,479,-
480,480,-
481,481,-
482,482,-
483,483,-
484,484,-
485,485,-
486,486,-
487,487,-
488,488,-
489,489,372
490,490,373
491,491,374
492,492,375
493,493,376
494,494,377
495,495,378
496,496,379
497,497,380
498,498,381
499,499,382
500,500,383
501,501,384
502,502,-
503,503,385
504,504,386
505,505,387
506,506,388
507,507,389
508,508,390
509,509,391
510,510,392
511,511,393
512,512,394
513,513,395
514,514,396
515,515,397
516,516,398
517,517,399
518,518,400
519,519,401
520,520,402
521,521,403
522,522,404
523,523,405
524,524,406
525,525,407
526,526,408
527,527,409
528,528,410
529,529,411
530,530,412
531,531,413
532,532,414
533,533,415
534,534,416
535,535,417
536,536,418
537,537,419
538,538,420
539,539,421
540,540,422
541,541,423
542,542,424
543,543,425
544,544,426
545,545,427
546,546,428
547,547,429
548,548,430
549,549,431
550,550,432
551,551,433
552,552,434
553,553,435
554,554,436
555,555,437
556,556,438
557,557,439
558,558,440
559,559,441
560,560,442
561,561,443
562,562,444
563,563,445
564,564,446
565,565,447
566,566,448
567,567,449
568,568,450
569,569,451
570,570,452
571,571,453
572,572,454
573,573,455
574,574,456
575,575,457
576,576,458
577,577,459
578,578,460
579,579,461
580,580,462
581,581,463
582,582,464
583,583,465
584,584,466
585,585,467
586,586,468
587,587,469
588,588,470
589,589,471
590,590,472
591,591,473
592,592,474
593,593,475
594,594,476
595,595,477
596,596,478
597,597,479
598,598,480
599,599,481
600,600,482
601,601,483
602,602,484
603,603,485
604,604,486
605,605,487
606,606,488
607,607,489
608,608,490
609,609,491
610,610,492
611,611,493
612,612,494
613,613,495
614,614,496
615,615,497
616,616,498
617,617,499
618,618,500
619,619,501
620,620,502
621,621,-
622,622,-
623,623,-
624,624,-
625,625,-
626,626,-
627,627,-
628,628,-
629,629,-
630,630,-
631,631,-
632,632,-
633,633,-
634,634,-
635,635,-
636,636,-
637,637,-
638,638,-
639,639,-
640,640,-
641,641,503
642,642,504
643,643,505
644,644,506
645,645,507
646,646,508
647,647,509
648,648,510
649,649,511
650,650,512
651,651,513
652,652,514
653,653,515
654,654,516
655,655,517
656,656,518
657,657,519
658,658,520
659,659,521
660,660,522
661,661,523
662,662,524
663,663,525
664,664,526
665,665,527
666,666,528
667,667,529
668,668,530
669,669,531
670,670,532
671,671,533
672,672,534
673,673,535
674,674,536
675,675,537
676,676,538
677,677,-
678,678,-
679,679,-
680,680,-
681,681,-
682,682,-
683,683,-
684,684,-
685,685,-
686,686,-
687,687,-
688,688,-
689,689,539
690,690,540
691,691,541
692,692,542
693,693,543
694,694,544
695,695,545
696,696,546
697,697,547
698,698,548
699,699,549
700,700,550
701,701,551
702,702,552
703,703,553
704,704,554
705,705,555
706,706,556
707,707,557
708,708,558
709,709,559
710,710,560
711,711,561
712,712,562
713,713,563
714,714,564
715,715,565
716,716,566
717,717,567
718,718,568
719,719,569
720,720,570
721,721,571
722,722,572
723,723,573
724,724,574
725,725,575
726,726,576
727,727,577
728,728,578
729,729,579
730,730,580
731,731,581
732,732,582
733,733,583
734,734,584
735,735,585
736,736,586
737,737,587
738,738,588
739,739,589
740,740,590
741,741,591
742,742,592
743,743,593
744,744,594
745,745,595
746,746,596
747,747,597
748,748,598
749,749,599
750,750,600
751,751,601
752,752,602
753,753,603
754,754,604
755,755,605
756,756,606
757,757,607
758,758,608
759,759,609
760,760,610
761,761,611
762,762,612
763,763,613
764,764,614
765,765,615
766,766,616
767,767,617
768,768,618
769,769,619
770,770,620
771,771,621
772,772,622
773,773,623
774,774,624
775,775,625
776,776,626
777,777,627
778,778,628
779,779,629
780,780,630
781,781,631
782,782,632
783,783,633
784,784,634
785,785,635
786,786,636
787,787,637
788,788,638
789,789,639
790,790,640
791,791,641
792,792,642
793,793,643
794,794,644
795,795,645
796,796,646
797,797,647
798,798,648
799,799,649
800,800,650
801,801,651
802,802,652
803,803,653
804,804,654
805,805,655
806,806,656
807,807,657
808,808,658
809,809,659
810,810,660
811,811,661
812,812,662
813,813,663
814,814,664
815,815,665
816,816,666
817,817,667
818,818,668
819,819,669
820,820,670
821,821,671
822,822,672
823,823,673
824,824,674
825,825,675
826,826,676
827,827,677
828,828,-
829,829,-
830,830,-
831,831,-
832,832,-
833,833,-
834,834,-
835,835,-
836,836,-
837,837,-
838,838,-
839,839,-
840,840,-
841,841,-
842,842,-
843,843,-
844,844,-
845,845,-
846,846,-
847,847,-
848,848,-
849,849,-
850,850,-
851,851,-
852,852,-
853,853,-
854,854,678
855,855,679
856,856,680
857,857,681
858,858,682
859,859,683
860,860,684
861,861,685
862,862,686
863,863,687
864,864,688
865,865,689
866,866,690
867,867,691
868,868,692
869,869,693
870,870,694
871,871,695
872,872,696
873,873,697
874,874,698
875,875,699
876,876,700
877,877,701
878,878,702
879,879,703
880,880,704
881,881,705
882,882,706
883,883,707
884,884,708
885,885,709
886,886,710
887,887,711
888,888,712
889,889,713
890,890,714
891,891,715
892,892,716
893,893,717
894,894,718
895,895,719
896,896,720
897,897,721
898,898,722
899,899,723
900,900,724
901,901,725
902,902,726
903,903,727
904,904,728
905,905,729
906,906,730
907,907,731
908,908,732
909,909,733
910,910,734
911,911,735
912,912,736
913,913,737
914,914,738
915,915,739
916,916,740
917,917,741
918,918,742
919,919,743
920,920,744
921,921,745
922,922,746
923,923,747
924,924,748
925,925,749
926,926,750
927,927,751
928,928,752
929,929,753
930,930,754
931,931,755
932,932,756
933,933,757
934,934,758
935,935,759
936,936,760
937,937,761
938,938,762
939,939,763
940,940,764
941,941,765
942,942,766
943,943,767
944,944,768
945,945,769
946,946,770
947,947,771
948,948,772
949,949,773
950,950,774
951,951,775
952,952,776
953,953,777
954,954,778
955,955,779
956,956,780
957,957,781
958,958,782
959,959,783
960,960,784
961,961,785
962,962,786
963,963,787
964,964,788
965,965,789
966,966,790
967,967,791
968,968,792
969,969,793
970,970,794
971,971,795
972,972,796
973,973,797
974,974,798
975,975,799
976,976,800
977,977,801
978,978,802
979,979,803
980,980,804
981,981,805
982,982,806
983,983,807
984,984,808
985,985,809
986,986,810
987,987,811
988,988,812
989,989,813
990,990,814
991,991,815
992,992,816
993,993,817
994,994,818
995,995,819
996,996,820
997,997,821
998,998,822
999,999,823
1000,1000,824
1001,1001,825
1002,1002,826
1003,1003,827
1004,1004,828
1005,1005,829
1006,1006,830
1007,1007,831
1008,1008,832
1009,1009,833
1010,1010,834
1011,1011,835
1012,1012,836
1013,1013,837
1014,1014,838
1015,1015,839
1016,1016,840
1017,1017,841
1018,1018,842
1019,1019,843
1020,1020,844
1021,1021,845
1022,1022,846
1023,1023,847
1024,1024,848
1025,1025,849
1026,1026,850
1027,1027,851
1028,1028,852
1029,1029,853
1030,1030,854
1031,1031,855
1032,1032,856
1033,1033,857
1034,1034,858
1035,1035,859
1036,1036,860
1037,1037,861
1038,1038,862
1039,1039,863
1040,1040,864
1041,1041,865
1042,1042,866
1043,1043,867
1044,1044,868
1045,1045,869
1046,1046,870
1047,1047,871
1048,1048,872
1049,1049,873
1050,1050,874
1051,1051,875
1052,1052,876
1053,1053,877
1054,1054,878
1055,1055,879
1056,1056,880
1057,1057,881
1058,1058,882
1059,1059,883
1060,1060,884
1061,1061,885
1062,1062,886
1063,1063,887
1064,1064,888
1065,1065,889
1066,1066,890
1067,1067,891
1068,1068,892
1069,1069,893
1070,1070,894
1071,1071,895
1072,1072,896
1073,1073,897
1074,1074,898
1075,1075,899
1076,1076,900
1077,1077,901
1078,1078,902
1079,1079,903
1080,1080,904
1081,1081,905
1082,1082,906
1083,1083,907
1084,1084,908
1085,1085,909
1086,1086,910
1087,1087,911
1088,1088,912
1089,1089,913
1090,1090,914
1091,1091,915
1092,1092,916
1093,1093,917
1094,1094,918
1095,1095,919
1096,1096,920
1097,1097,921
1098,1098,922
1099,1099,923
1100,1100,924
1101,1101,925
1102,1102,926
1103,1103,927
1104,1104,928
1105,1105,929
1106,1106,930
1107,1107,931
1108,1108,932
1109,1109,933
1110,1110,934
1111,1111,935
1112,1112,936
1113,1113,937
1114,1114,938
1115,1115,939
1116,1116,940
1117,1117,941
1118,1118,942
1119,1119,943
1120,1120,944
1121,1121,945
1122,1122,946
1123,1123,947
1124,1124,948
1125,1125,949
1126,1126,950
1127,1127,951
1128,1128,952
1129,1129,953
1130,1130,954
1131,1131,955
1132,1132,956
1133,1133,957
1134,1134,958
1135,1135,959
1136,1136,960
1137,1137,961
1138,1138,962
1139,1139,963
1140,1140,964
1141,1141,965
1142,1142,966
1143,1143,967
1144,1144,968
1145,1145,969
1146,1146,970
1147,1147,971
1148,1148,-
1149,1149,-
1150,1150,-
1151,1151,-
1152,1152,-
1153,1153,-
1154,1154,-
1155,1155,-
1156,1156,-
1157,1157,-
1158,1158,-
1159,1159,-
1160,1160,-
1161,1161,-
1162,1162,-
1163,1163,-
1164,1164,-
1165,1165,-
1166,1166,-
1167,1167,-
1168,1168,-
1169,1169,-
1170,1170,-
1171,1171,-
1172,1172,-
1173,1173,-
1174,1174,-
1175,1175,-
1176,1176,-
1177,1177,-
1178,1178,-
1179,1179,-
1180,1180,-
1181,1181,-
1182,1182,-
1183,1183,-
1184,1184,-
1185,1185,-
1186,1186,-
1187,1187,-
1188,1188,-
1189,1189,-
1190,1190,-
1191,1191,-
1192,1192,-
1193,1193,-
1194,1194,-
1195,1195,-
1196,1196,-
1197,1197,-
1198,1198,-
1199,1199,-
1200,1200,-
1201,1201,-
1202,1202,-
1203,1203,-
1204,1204,-
1205,1205,-
1206,1206,-
1207,1207,-
1208,1208,-
1209,1209,-
1210,1210,-
1211,1211,-
1212,1212,-
1213,1213,-
1214,1214,-
1215,1215,-
1216,1216,-
1217,1217,-
1218,1218,-
1219,1219,-
1220,1220,-
1221,1221,-
1222,1222,-
1223,1223,-
1224,1224,-
1225,1225,-
1226,1226,-
1227,1227,-
1228,1228,-
1229,1229,-
1230,1230,-
1231,1231,-
1232,1232,-
1233,1233,-
1234,1234,-
1235,1235,-
1236,1236,-
1237,1237,-
1238,1238,-
1239,1239,-
1240,1240,-
1241,1241,-
1242,1242,-
1243,1243,-
1244,1244,-
1245,1245,-
1246,1246,-
1247,1247,-
1248,1248,-
1249,1249,-
1250,1250,-
1251,1251,-
1252,1252,-
1253,1253,-
1254,1254,-
1255,1255,-
1256,1256,-
1257,1257,-
1258,1258,-
1259,1259,-
1260,1260,-
1261,1261,-
1262,1262,-
1263,1263,-
1264,1264,-
1265,1265,-
1266,1266,-
1267,1267,-
1268,1268,-
1269,1269,-
1270,1270,-
1271,1271,-
1272,1272,-
1273,1273,-
